{"cameraMode":{"drawMode":0,"name":"Shaded","section":"Shading Mode"},"sceneLighting":false,"audioPlay":false,"sceneViewState":{"showFog":true,"showMaterialUpdate":false,"showSkybox":true,"showFlares":true,"showImageEffects":true,"showParticleSystems":true},"in2DMode":false,"pivot":{"x":490.4193420410156,"y":344.2286682128906,"z":-26.125137329101564},"rotation":{"x":-0.018967928364872934,"y":-0.976930558681488,"z":-0.09820766001939774,"w":0.188685342669487},"size":268.6005554199219,"orthographic":false}